Name of the course,price,course description,content creator,average rating,course duration
Data Science for Professionals,455,It's time to leave spreadsheets behind...,Gregory Sward,4.7,6.5 total hours
R for Data Science: R Programming Bootcamp,455,"Learn R Programming Fundamentals, Data Wrangling, Data Visualization for Data Science",Syed Mohiuddin,4.7,6 total hours
The Complete Python 3 Masterclass - From Beginner To Pro,455,"Python for beginners, Learn Python Programming and build your own Python programs: Data Science, Machine Learning, etc.","Denis Panjuta, Jannis Seemann, Tutorials.eu by Denis Panjuta",4.7,27.5 total hours
"Python Beyond Basics for Machine Learning, Data Science, AI",455,"Data Science, Machine Learning and Artificial Intelligence with Python",Piyush Dave,4.7,13.5 total hours
Python in a Weekend: The Easiest Python for Beginners Course,455,"Jump into Python by Building Your First 3 Python-Based Apps. Python = Data Science, Machine Learning, App Development+","Nick Walter, Phil Ebiner, Video School",4.7,4.5 total hours
Machine Learning for Absolute Beginners - Level 2,455,Learn the Python Fundamentals and Pandas Library for Data Science Projects,Idan Gabrieli,4.7,4 total hours
Data Science Project Planning,618,Fundamental Concepts for Beginners,Gopinath Ramakrishnan,4.7,5 total hours
Tableau for Data Science with R & Python Integration,455,Master Data Visualization and Improve Your Data Science Skills with Tableau Desktop integrated with R and Python,Candas Bilgin,4.7,5.5 total hours
Ultimate Data Science Bootcamp in Python with 5 Projects,455,Master Data Science and Machine Learning with Python and complete 5 Data Science Capstone Projects,Data is Good,4.8,15 total hours
How to Start a Career in Data Science 2021,455,"The Ultimate Guide to Starting a Data Science Career: Create a Project Portfolio, Build Your Resume, Get an Interview","365 Careers, Ken Jee",4.8,4.5 total hours
Machine Learning and AI: Support Vector Machines in Python,455,Artificial Intelligence and Data Science Algorithms in Python for Classification and Regression,"Lazy Programmer Team, Lazy Programmer Inc.",4.8,9 total hours
Complete Python + Django + Data Science course,455,"Python Fundamentals, OOP, Data Science, Django and more!",YouRa Allakhverdov,4.8,38 total hours
R Programming for Data Science and Machine Learning,"1,920","Learn R Programming Language for Data Science, Machine Learning, Data Analysis and Data Visualization with Libraries",The Tech X Learners,4.8,7.5 total hours
Complete Python for data science and cloud computing,455,A complete & in-depth use case course taught by data science PHD & business consultants with thousand examples,Datagist INC,4.8,49 total hours
Data Science Job: How to become a Data Scientist,455,Find your first job as a Data Scientist.,Przemek Chojecki,4.8,1 total hour
Data science and Data preparation with KNIME,455,KNIME - a powerful tool for data science and machine learning Data science with higher efficiency. KNIME data cleaning,Dan We,4.8,4 total hours
R Programming for Data Science and Machine Learning,455,Learn R programming to implement Machine Learning & DS algorithms,"Sunil Kumar Gupta, DataQrious Academy",4.8,13.5 total hours
Statistical Thinking and Data Science with R.,455,"R from A-Z! Statistics, Advanced Regression,Visualizations, Probabilities, Inference, Simulations and Machine learning.",Haytham Omar,4.8,24.5 total hours
Data Science Quick Start: Focus On Correlation & Python,455,Make 2021 The Year To Get Started in Data Science: Learn The Rudiments of Correlation Analysis & Python.,Adam Ross Nelson,4.9,2.5 total hours
Data Science with SAP - Machine Learning for Enterprise Data,455,"An Ultimate Hands On Masterclass for Applying Machine Learning, Data Science techniques on SAP Data to derive insights",Manifold AI Learning,5,20 total hours
Python and Data Science from Scratch With RealLife Exercises,455,"Learn Data Science with Python programming. Use NumPy, Pandas, Matplotlib and dive in Data Science with Python Examples",Oak Academy,5,12.5 total hours
